n,k,version,time1,time2
10,100000000,1,2.4032857367e+05,1.8730000011e-03
10,100000000,2,,
